﻿{"cameraMode":{"drawMode":0,"name":"Shaded","section":"Shading Mode"},"sceneLighting":true,"audioPlay":false,"sceneViewState":{"showFog":true,"showMaterialUpdate":false,"showSkybox":true,"showFlares":true,"showImageEffects":true,"showParticleSystems":true},"in2DMode":false,"pivot":{"x":-0.8150434494018555,"y":0.3482198715209961,"z":2.5924558639526369},"rotation":{"x":-0.08450759202241898,"y":0.8977996110916138,"z":-0.1972893923521042,"w":-0.38456645607948305},"size":22.381315231323243,"orthographic":false}